id,type,slug,focus_keyword,focus_keyword_primary,seo_title,meta_description
57,pages,%e0%b8%ab%e0%b8%99%e0%b9%89%e0%b8%b2%e0%b9%81%e0%b8%a3%e0%b8%81,greenpro ksp,greenpro ksp,รับทำบัญชี ตรวจสอบบัญชี จดทะเบียนบริษัท | Greenpro KSP,Greenpro KSP ให้บริการรับทำบัญชีและภาษี ตรวจสอบบัญชี วางระบบ รวมถึงงานจดทะเบียนธุรกิจ เช่น จดบริษัท ขอใบอนุญาตประกอบธุรกิจ ประสบการณ์กว่า 30 ปี
59,pages,about-us,เกี่ยวกับ Greenpro KSP,เกี่ยวกับ Greenpro KSP,เกี่ยวกับ Greenpro KSP - สำนักงานบัญชี CPA ประสบการณ์ 30 ปี,รู้จักกรีนโปร เคเอสพี กรุ๊ป ผู้ให้บริการด้านบัญชี ภาษี และจดทะเบียนธุรกิจครบวงจร บริหารโดย CPA และผู้สอบบัญชีรับอนุญาต ประสบการณ์กว่า 30 ปี
19085,pages,accounting,บริการงานบัญชี,บริการงานบัญชี,บริการงานบัญชีทุกประเภท ครอบคลุมทุกธุรกิจ,บริการงานบัญชีและภาษี ไม่ว่าจะเป็น บริการทำบัญชี ตรวจสอบบัญชี วางระบบบัญชี บัญชี Outsource โดยนักบัญชีที่มีคุณภาพ มีประสบการณ์ด้านบัญชีโดยตรง
175,pages,accounting-consultant,ที่ปรึกษาบัญชี,ที่ปรึกษาบัญชี,ที่ปรึกษาบัญชี  ด้วยนักบัญชีมืออาชีพ ประสบการณ์กว่า 28 ปี,ที่ปรึกษาบัญชี เพื่อให้การจัดทำข้อมูลด้านบัญชีเป็นไปโดยถูกต้อง ครบถ้วน และช่วยลดความเสี่ยงทางการเงินให้กับธุรกิจของผู้ประกอบการ
10700,pages,accounting-system-setup,รับวางระบบบัญชี,รับวางระบบบัญชี,รับวางระบบบัญชีประสบการณ์กว่า 30 ปี บริการด้วยทีมงานมืออาชีพ,รับวางระบบบัญชีช่วยให้องค์กรหรือธุรกิจสามารถจัดการข้อมูลทางบัญชีได้อย่างมีประสิทธิภาพ การกำหนดแผนทางการเงิน การกำหนดบัญชีที่เหมาะสมอย่างต่อเนื่อง
67,pages,accounting-tax-services,รับทำบัญชี,รับทำบัญชี,รับทำบัญชี ยื่นภาษี ครบจบที่เดียว บริการมากกว่า 400 บริษัท,รับทำบัญชีรายเดือน ปิดงบการเงิน วางระบบบัญชี ดูแลโดยผู้สอบบัญชี CPA ให้บริการมากกว่า 400 กิจการ ทั้ง SME และบริษัทต่างชาติ ปรึกษาฟรี
20027,pages,advisory-and-analysis,,,,
65,pages,amendment-registration-service,รับจดทะเบียนเปลี่ยนแปลง,รับจดทะเบียนเปลี่ยนแปลง,รับจดทะเบียนเปลี่ยนแปลง พร้อมทีมงานที่มีประสบการณ์กว่า 28 ปี,รับจดทะเบียนเปลี่ยนแปลงกับกรมพัฒนาธุรกิจ และจดทะเบียนเปลี่ยนแปลงกับสรรพากร เช่น เพิ่มทุน เปลี่ยนกรรมการ เปลี่ยนชื่อบริษัท จดทะเบียนเลิกกิจการ เป็นต้น
3416,pages,association-registration,รับจดทะเบียนสมาคม,รับจดทะเบียนสมาคม,รับจดทะเบียนสมาคม และสมาคมการค้า ฟรี!ให้คำปรึกษา,"รับจดทะเบียนสมาคม และสมาคมการค้า พร้อมเตรียมเอกสารสำหรับไปยื่นจดทะเบียน
ที่กรมพัฒนาธุรกิจและจดที่สำนักงานเขตกรมการปกครอง ให้ท่านทุกขั้นตอน"
70,pages,auditing-service,รับตรวจสอบบัญชี,รับตรวจสอบบัญชี,บริษัทรับตรวจสอบบัญชีโดย CPA ประสบการณ์สูง | Greenpro KSP,รับตรวจสอบบัญชีทุกประเภท มั่นใจในความถูกต้องและแม่นยำ โดยผู้ตรวจสอบบัญชีที่ได้รับการรับรอง (CPA)ประสบการณ์ยาวนาน 30 ปี
9806,pages,barcode-license,ใบอนุญาตบาร์โค้ด,ใบอนุญาตบาร์โค้ด,บริการขอใบอนุญาตบาร์โค้ด โดยทีมมากประสบการณ์ | Greenpro KSP,รายละเอียดเบื้องต้นการขอเลขรหัสใบอนุญาตบาร์โค้ด สำหรับบุคคลธรรมดาและนิติบุคคล ดำเนินการแทนครบทุกขั้นตอน โดยทีมงานประสบการณ์สูง
16988,pages,boi-application-service,รับขอ BOI,รับขอ BOI,รับขอ BOI โดยทีมงานมืออาชีพที่มีประสบการณ์กว่า 28 ปี,รับขอ BOI การส่งเสริมการลงทุนเพื่อให้การปฏิบัติงานของสำนักงานคณะกรรมการส่งเสริมการลงทุนเป็นไปอย่างรวดเร็วและมีประสิทธิภาพ อย่างถูกต้องตามกฎหมาย
16119,pages,branch-registration,จดเพิ่มสาขา,จดเพิ่มสาขา,จดเพิ่มสาขาบริษัท ด้วยทีมงานมืออาชีพที่มีประสบการณ์กว่า 28ปี,จดเพิ่มสาขา กระบวนการจดทะเบียนเพิ่มสาขาใหม่ของบริษัท จะแยกสาขาใหม่จากสำนักงานใหญ่และอาจตั้งอยู่ในพื้นที่หรือท้องถิ่นที่แตกต่างจากสำนักงานใหญ่ก็ได้
19081,pages,business-formation,บริการจดทะเบียนธุรกิจ,บริการจดทะเบียนธุรกิจ,บริการจดทะเบียนธุรกิจ ครบจบ รวดเร็ว ราคาคุ้มค่า,บริการจดทะเบียนธุรกิจ ทั้งบริษัท ห้างหุ้นส่วน และทะเบียนพาณิชย์ ดำเนินการแทนครบทุกขั้นตอน รวดเร็ว ถูกต้องตามกฎหมาย ปรึกษาฟรีวันนี้
16126,pages,capital-increase-registration,จดทะเบียนเพิ่มทุน,จดทะเบียนเพิ่มทุน,รับจดทะเบียนเพิ่มทุนบริษัทจำกัด เพิ่มหุ้นบริษัท ค่าบริการ,"ค่าบริการรับจดทะเบียนเพิ่มทุนบริษัท รับจดเพิ่มหุ้น ข้อมูลและเอกสารที่ต้องใช้เพื่อยื่นกับกรมพัฒนาธุรกิจการค้า DBD วิธีการและหลักเกณฑ์เพิ่มทุน ราคาถูก 4,280 บาท"
16136,pages,change-of-director-registration,รับจดเปลี่ยนแปลงกรรมการ,รับจดเปลี่ยนแปลงกรรมการ,รับจดเปลี่ยนแปลงกรรมการ โดยทีมงานมืออาชีพกว่า 28ปี,รับจดเปลี่ยนแปลงกรรมการ  กระบวนการทางกฎหมายที่เกี่ยวข้องกับ การเพิ่มอำนาจ การแก้ไขหรือเปลี่ยนอำนาจกรรมการ ตามขั้นตอนและข้อกำหนดของกรมพัฒนาฯ 
21334,pages,coming-soon,,,,
7859,pages,commercial-registration,"รับจดทะเบียนพาณิชย์,รับจดทะเบียนการค้า",รับจดทะเบียนพาณิชย์,รับจดทะเบียนพาณิชย์ จดทะเบียนการค้า ครบจบ | Greenpro KSP,รับจดทะเบียนพาณิชย์และจดทะเบียนการค้า ยื่นแทนครบทุกขั้นตอน ทั้งร้านค้าออนไลน์และบุคคลธรรมดา รู้ค่าใช้จ่ายก่อนเริ่ม ปรึกษาฟรี โทร 094-8649799
16798,pages,company-objective-amendment,เพิ่มวัตถุประสงค์,เพิ่มวัตถุประสงค์,รับจดทะเบียนเพิ่มวัตถุประสงค์ หรือแก้ไขเปลี่ยนแปลง,จดเพิ่มวัตถุประสงค์ แก้ไขเปลี่ยนแปลงวัตถุประสงค์การทำธุรกิจของบริษัท ทำงานรวดเร็ว ทันใจผู้ใช้บริการ มีบริการเสริมลงประกาศโฆษณาหนังสือพิมพ์ท้องที่
161,pages,company-registration,รับจดทะเบียนบริษัท,รับจดทะเบียนบริษัท,รับจดทะเบียนบริษัท ครบวงจร เริ่ม 8900 | Greenpro KSP,"บริการรับจดทะเบียนบริษัท / หจก. ครบวงจรโดยทีม CPA เริ่ม 8,900 บาท เสร็จใน 3-5 วัน รวมค่าธรรมเนียมแล้ว ปรึกษาฟรี โทร 094-864-9799"
4008,pages,company-seal,"แก้ไขตราประทับ, เปลี่ยนแปลงตราประทับ, เปลี่ยนตราประทับ",แก้ไขตราประทับ,แก้ไขตราประทับ เปลี่ยนแปลงตรายาง ขนาดมาตรฐาน จดผ่านชัวร์,รับจดทะเบียนแก้ไขตราประทับ หรือ รับจดเปลี่ยนแปลงตรายาง จัดทำตราประทับด้วยขนาดมาตรฐาน ตัวอักษรชัดเจน พร้อมทั้งคำแนะนำ ใช้จดทะเบียนกับกรมพัฒนาธุรกิจฯ ผ่านชัวร์
84,pages,contact-us,,,ติดต่อ Greenpro KSP - ปรึกษาบัญชี ภาษี จดทะเบียนบริษัท ฟรี,ติดต่อ Greenpro KSP สำหรับบริการบัญชี ภาษี ตรวจสอบบัญชี และจดทะเบียนบริษัท โทร 085-067-4884 ปรึกษาฟรี ทีมงาน CPA พร้อมดูแลคุณทั้งภาษาไทยและอังกฤษ
3135,pages,direct-marketing-registration,จดทะเบียนการประกอบธุรกิจตลาดแบบตรงกับสคบ,จดทะเบียนการประกอบธุรกิจตลาดแบบตรงกับสคบ,จดทะเบียนการประกอบธุรกิจตลาดแบบตรง กับ สคบ ประสบการณ์ 30 ปี,จดทะเบียนการประกอบธุรกิจตลาดแบบตรงกับสคบ (สำนักงานคุ้มครองผู้บริโภค) สำหรับผู้ที่ขายสินค้าผ่านทางออนไลน์ และการวางหลักประกัน ยินดีให้คำปรึกษา
25731,pages,elementor-25731,,,,
3791,pages,food-business-license,ขอใบอนุญาตร้านอาหาร,ขอใบอนุญาตร้านอาหาร,บริการขอใบอนุญาตร้านอาหาร ขายเครื่องดื่ม,ขอใบอนุญาตร้านอาหาร ในการประกอบธุรกิจจำหน่ายอาหาร ไม่ว่าจะเป็นการเปิดร้านอาหาร การประกอบธุรกิจร้านค้าที่มีการจำหน่ายอาหาร ยินดีให้บริการทุกประเภท
16980,pages,foreign-business-license,รับขอ FBL,รับขอ FBL,รับขอ FBL ใบอนุญาตประกอบธุรกิจของคนต่างด้าว มืออาชีพกว่า28ปี,รับขอ FBL ใบอนุญาตประกอบธุรกิจของคนต่างด้าว ตามกำหนดของพระราชบัญญัติ ยินดีให้คำปรึกษาและแนะนำเรื่องการขอใบอนุญาตอย่างละเอียดทุกขั้นตอน
3473,pages,foundation-registration,รับจัดตั้งมูลนิธิ,รับจัดตั้งมูลนิธิ,รับจัดตั้งมูลนิธิ ในประเทศไทย ด้วยทีมงานมืออาชีพกว่า28ปี,รับจัดตั้งมูลนิธิ พร้อมทีมงานคอยแนะนำข้อกำหนดของกฎหมาย การเตรียมเอกสาร และขั้นตอนการดำเนินการจดจัดตั้งแทนท่านทุกขั้นตอน ยินดีให้คำปรึกษา ฟรี! 
15394,pages,franchise-accounting,บัญชีแฟรนไชส์,บัญชีแฟรนไชส์,บัญชีแฟรนไชส์ สำหรับนักบัญชีที่ต้องการเติบโตทางธุรกิจ,บัญชีแฟรนไชส์ เป็นบริการที่นอกเหนือจากการทำบัญชีรูปแบบเดิม อีกหนึ่งทางเลือกสำหรับนักบัญชีที่อยากเติบโตทางธุรกิจมีอิสระในสายวิชาชีพไปพร้อมกับเรา
19120,pages,investment-promotion,,,,
18848,pages,licensing-and-regulatory,รับขอใบอนุญาตประกอบธุรกิจ,รับขอใบอนุญาตประกอบธุรกิจ,รับขอใบอนุญาตประกอบธุรกิจทุกประเภท ทีมงานมืออาชีพกว่า 30 ปี,รับขอใบอนุญาตประกอบธุรกิจ ใบอนุญาตประกอบธุรกิจโรงแรม ร้านอาหาร นำเที่ยว ใบอนุญาตขาย ไพ่ ใบอนุญาตจัดตั้งโรงงาน รับจดทะเบียนเครื่องหมายการค้า
16198,pages,liquor-business-license,"ขอใบอนุญาตขายสุรา, ขอใบอนุญาตจำหน่ายสุรา",ขอใบอนุญาตขายสุรา,ขอใบอนุญาตขายสุรา จำหน่ายสุรา ด้วยทีมงานมืออาชีพกว่า 28 ปี,ขอใบอนุญาตขายสุรา เป็นเอกสารสำคัญในการประกอบธุรกิจขายสุรา โดยกำหนดให้ผู้ประกอบการต้องปฏิบัติตามกฎหมายและข้อบังคับที่เกี่ยวข้องอย่างเคร่งครัด
4136,pages,massage-and-spa-license,"ใบอนุญาตสปา, ใบอนุญาตร้านนวด, ขอใบอนุญาตสปา",ใบอนุญาตสปา,บริการขอใบอนุญาตสปา ร้านนวด ธุรกิจเพื่อสุขภาพ,รับขอใบอนุญาตสปา จดทะเบียนร้านนวด ขอใบอนุญาตสำหรับธุรกิจเพื่อสุขภาพ ถูกต้องตามกฎหมาย พร้อมทีมงานให้คำแนะนำ คำปรึกษารายละเอียดทุกขั้นตอน
18119,pages,mergers-and-acquisitions,ควบรวมกิจการ,ควบรวมกิจการ,บริการควบรวมกิจการ ครบวงจร วางแผน ตรวจสอบ ปิดดีล,บริการควบรวมกิจการ ดูแลครบทุกขั้นตอน ตั้งแต่วิเคราะห์มูลค่า ตรวจสอบสถานะ ร่างสัญญา ไปจนถึงปิดดีล โดยทีมที่ปรึกษาผู้เชี่ยวชาญมากประสบการณ์
15327,pages,outsource-accounting,บัญชี outsource,บัญชี outsource,บัญชี Outsource ในกรณีเร่งด่วน พนักงานบัญชี-การเงินขาด,บริการบัญชี Outsource จัดหาพนักงานทำงานด้านบัญชีและการเงินในบริษัทของท่าน กรณีเร่งด่วน พนักงานบัญชีขาด งานภาษี ทำงานด้านบัญชีการเงินโดยเฉพาะ
159,pages,partnership-registration,รับจดทะเบียนห้างหุ้นส่วนจำกัด,รับจดทะเบียนห้างหุ้นส่วนจำกัด,รับจดทะเบียนห้างหุ้นส่วนจำกัด พร้อมทีมงานประสบการณ์กว่า28ปี,รับจดทะเบียนห้างหุ้นส่วนจำกัด พร้อมทีมงานที่มีความเชี่ยวชาญ ยินดีให้คำปรึกษาเพื่อให้การดำเนินงานเป็นไปอย่างรวดเร็วและถูกต้องตามหลักของกฎหมาย
10121,pages,pico-finance-license,พิโกไฟแนนซ์,พิโกไฟแนนซ์,ขอใบอนุญาตพิโกไฟแนนซ์หรือพิโกพลัส,บริการขอใบอนุญาตพิโกไฟแนนซ์และพิโกพลัสครบวงจร ดูแลตั้งแต่เตรียมทุนจดทะเบียน 5 ล้านบาท เอกสาร จนยื่นขอกับกระทรวงการคลังจนได้รับอนุญาตประกอบธุรกิจสินเชื่อ
1858,pages,policy,,,,
5257,pages,pos-registration,POS,POS,ใบอนุญาต POS ขั้นตอนการขอและเอกสารที่ต้องใช้ 2026,ใบอนุญาต POS คืออะไร? สรุปเอกสารที่ต้องเตรียม ขั้นตอนยื่นขอ ค่าใช้จ่าย และระยะเวลาอนุมัติ คู่มือครบจบในที่เดียว อัปเดตล่าสุด
794,pages,public-listing,ตลาดหลักทรัพย์ต่างประเทศ,ตลาดหลักทรัพย์ต่างประเทศ,บริการนำบริษัทเข้าจดทะเบียนตลาดหลักทรัพย์ต่างประเทศ,บริการนำบริษัทของท่านเข้าจดทะเบียนตลาดหลักทรัพย์ต่างประเทศ ตลาดหลักทรัพย์ฮ่องกง ตลาดหลักทรัพย์นิวยอร์ก ตลาดหลักทรัพย์แนสแดก
3437,pages,second-hand-license,ขอใบอนุญาตค้าของเก่า,ขอใบอนุญาตค้าของเก่า,ขอใบอนุญาตค้าของเก่าและขายทอดตลาด ด้วยทีมงานมืออาชีพกว่า28ปี,ขอใบอนุญาตค้าของเก่าและขายทอดตลาด เพื่อให้ผู้ประกอบการไม่เสียเวลาไปกับการเตรียมเอกสาร เรามีทีมงานคอยให้คำปรึกษาและดำเนินการแทนท่านทุกขั้นตอน
3703,pages,security-company-registration,จดทะเบียนบริษัทรักษาความปลอดภัย,จดทะเบียนบริษัทรักษาความปลอดภัย,จดทะเบียนบริษัทรักษาความปลอดภัย ด้วยทีมงานมืออาชีพ กว่า28ปี,จดทะเบียนบริษัทรักษาความปลอดภัย และการขอใบอนุญาต รปภ โดยทีมงานที่มีประสบการณ์โดยตรง พร้อมดำเนินงานเอกสารแทนผู้ประกอบการทุกขั้นตอน
61,pages,services,,,บริการของเรา - บัญชี ภาษี จดทะเบียนบริษัท,Greenpro KSP ให้บริการรับทำบัญชี บัญชี Outsource วางแผนภาษี จดทะเบียนบริษัท มูลนิธิ สมาคม และขอใบอนุญาตธุรกิจทุกประเภท ครอบคลุมทั่วประเทศ
7815,pages,social-security,รับขึ้นทะเบียนประกันสังคม,รับขึ้นทะเบียนประกันสังคม,รับขึ้นทะเบียนประกันสังคม ม.33 ครบวงจร | Greenpro KSP,รับขึ้นทะเบียนประกันสังคม ให้บริการขึ้นทะเบียนประกันสังคม ขึ้นทะเบียนนายจ้าง กับสำนักงานประกันสังคม ด้วยทีมงานมืออาชีพ ที่มีประสบการณ์ ค่าบริการคุ้มค่า
21966,pages,starting-business-for-foreigner,ต่างชาติเปิดบริษัทในไทย,ต่างชาติเปิดบริษัทในไทย,เปิดบริษัทในไทยสำหรับต่างชาติ 2569 | Greenpro KSP,"เปิดบริษัทในประเทศไทยสำหรับชาวต่างชาติ ปี 2569 ครบ 5 ช่องทาง ได้แก่ FBL, BOI พร้อมค่าใช้จ่าย ขั้นตอน และเอกสาร ปรึกษาฟรีกับ Greenpro KSP"
19099,pages,tax-and-government-registration,,,,
177,pages,tax-consultant,ที่ปรึกษาภาษี,ที่ปรึกษาภาษี,ที่ปรึกษาภาษี ด้วยทีมงานมืออาชีพที่มีประสบการณ์กว่า 30 ปี,ที่ปรึกษาภาษี เพื่อช่วยผู้ประกอบการบรรเทาภาระทางภาษีอย่างถูกต้อง ไม่โดนเรียกเก็บภาษีย้อนหลัง เป็นการป้องกันปัญหาที่อาจเกิดขึ้นในอนาคต
169,pages,tax-planning-service,รับวางแผนภาษี,รับวางแผนภาษี,รับวางแผนภาษี บุคคลธรรมดาและนิติบุคคล – โดยผู้เชี่ยวชาญ,รับวางแผนภาษีเงินได้บุคคลธรรมดา ภาษีนิติบุคคล ด้วยทีมงานนักบัญชีที่มีประสบการณ์โดยตรง ยินดีให้คำปรึกษาได้อย่างตรงจุด 
24224,pages,test-4,,,,
3457,pages,tourism-business-license,ใบอนุญาตประกอบธุรกิจนําเที่ยว,ใบอนุญาตประกอบธุรกิจนําเที่ยว,ใบอนุญาตประกอบธุรกิจนําเที่ยว บุคคลธรรมดาและนิติบุคคล,ใบอนุญาตประกอบธุรกิจนําเที่ยว มีทีมงานที่เชี่ยวชาญโดยตรงกว่า 28 ปี พร้อมให้คำปรึกษาการเตรียมข้อมูล รวมถึงการดำเนินเอกสารขอใบอนุญาตธุรกิจนำเที่ยว
7805,pages,vat-registration,"รับจด VAT,รับจดภาษีมูลค่าเพิ่ม,รับจดทะเบียน VAT",รับจด VAT,รับจด VAT จดภาษีมูลค่าเพิ่มออนไลน์ ครบจบ | Greenpro KSP,รับจด VAT จดภาษีมูลค่าเพิ่มให้นิติบุคคลและบุคคลธรรมดา ยื่นจดทะเบียนภาษีมูลค่าเพิ่มออนไลน์หรือที่กรมสรรพากร ครบทุกขั้นตอน ทีมงานมืออาชีพ 25 ปี ปรึกษาฟรี
23816,pages,web-design,รับทำเว็บ,รับทำเว็บ,,บริการรับทำเว็บไซต์สำหรับธุรกิจโดย Greenpro KSP ออกแบบทันสมัย ใช้งานง่าย รองรับมือถือ ช่วยเพิ่มโอกาสขาย พร้อมดูแลหลังการขาย ปรึกษาฟรีก่อนเริ่มงาน
17980,posts,3-steps-changing-company-director-name,เปลี่ยนชื่อกรรมการบริษัท,เปลี่ยนชื่อกรรมการบริษัท,เปลี่ยนชื่อกรรมการบริษัท ต้องดำเนินการอย่างไรบ้าง?,กรรมการบริษัทเปลี่ยนชื่อ ต้องแจ้ง DBD ภายใน 14 วัน รู้ 3 ขั้นตอนและข้อควรระวังสำคัญ เพื่อให้ข้อมูลของบริษัทถูกต้องตามกฎหมายและไม่เสียค่าปรับ
18797,posts,4-types-thailand-tour-operator-license,ประเภทใบอนุญาตนำเที่ยว,ประเภทใบอนุญาตนำเที่ยว,4 ประเภทใบอนุญาตนำเที่ยว เปิดบริษัททัวร์ต้องมี,"สรุปครบ 4 ประเภทของใบอนุญาตนำเที่ยว ทั้งแบบเฉพาะพื้นที่, ในประเทศ, นำเที่ยวต่างประเทศ (Outbound) และรับทัวร์ต่างชาติ (Inbound) รู้ก่อนยื่นขอ"
15668,posts,8-required-items-full-tax-invoice,ใบกํากับภาษีที่ถูกต้อง,ใบกํากับภาษีที่ถูกต้อง,ใบกำกับภาษีที่ถูกต้อง ต้องมีอะไรบ้าง เช็กก่อนใช้,สรุปรายการที่ทำให้ใบกำกับภาษีถูกต้องตามมาตรา 86/4 พร้อมวิธีตรวจใบที่ได้รับจากคู่ค้า และจุดพลาดที่ทำให้กลายเป็นภาษีซื้อต้องห้าม
16813,posts,accounting-how-to-fix-financial-statement-errors,แก้ไขงบการเงิน ที่ยื่นไปแล้ว,แก้ไขงบการเงิน ที่ยื่นไปแล้ว,วิธีแก้ไขข้อบกพร่องของงบการเงินที่ยื่นไปแล้ว ,วิธีแก้ไขข้อบกพร่องของงบการเงินที่ยื่นไปแล้ว สามารถดำเนินการแก้ไขได้ตามขั้นตอนที่กำหนด โดยมีรายละเอียดดังนี้ :
15915,posts,accounting-period,รอบระยะเวลาบัญชี,รอบระยะเวลาบัญชี,รอบระยะเวลาบัญชี คืออะไร ดูตรงไหน พร้อมตัวอย่างครบ,รอบระยะเวลาบัญชี คือช่วง 12 เดือนที่ใช้ปิดงบและคำนวณภาษีนิติบุคคล รวมวิธีเช็ครอบบัญชีบริษัทตัวเอง ตัวอย่างจริง และทุกกรณีที่ไม่ครบ 12 เดือน
16067,posts,accounting-terms-business-owners,คำศัพท์บัญชี,คำศัพท์บัญชี,คำศัพท์ทางบัญชีที่ผู้ประกอบการควรรู้,คำศัพท์ทางบัญชีที่ผู้ประกอบการควรรู้ เพื่อการติดต่อกับนักบัญชีได้อย่างเข้าใจมากขึ้น รวมถึงนำไปบริหารธุรกิจได้อย่างมีประสิทธิภาพ
18804,posts,accrued-bonus-tax-expense-conditions,โบนัส หัก ณ ที่จ่าย,โบนัส หัก ณ ที่จ่าย,โบนัส หัก ณ ที่จ่าย กี่เปอร์เซ็นต์ พร้อมตัวอย่างคำนวณ,โบนัสหักภาษี ณ ที่จ่ายกี่เปอร์เซ็นต์ ไม่มีอัตราตายตัวเพราะขึ้นกับฐานเงินได้ทั้งปี พร้อมตัวอย่างคำนวณ 2 กรณี วิธียื่น ภ.ง.ด.1 และการตั้งโบนัสค้างจ่าย
25282,posts,assessable-income-criteria,รายได้เท่าไหร่เสียภาษี,รายได้เท่าไหร่เสียภาษี,ยื่นภาษีเงินได้บุคคลธรรมดา ต้องมีรายได้เท่าไหร่ ปี 2569,"อัปเดตปี 2569 การยื่นภาษีเงินได้บุคคลธรรมดา กรณีมีเงินเดือนเพียงอย่างเดียว หากรายได้เกิน 120,000 บาทต่อปีจำเป็นต้องยื่นภาษี แต่จะมีวิธีการคำนวณอีกที"
10850,posts,assets-liabilities-equity-basics,บัญชีพื้นฐาน,บัญชีพื้นฐาน,พื้นฐานบัญชี เรียนรู้หลักการสำคัญและกลยุทธ์ฉบับเข้าใจง่าย,พื้นฐานบัญชี สรุปหลักการบัญชีที่ต้องรู้ ตั้งแต่สมการบัญชี งบการเงิน ไปจนถึงการบันทึกรายการ เหมาะสำหรับมือใหม่และเจ้าของธุรกิจ เริ่มเรียนรู้เลย
11044,posts,beauty-salon-business-tax,ภาษีร้านเสริมสวย,ภาษีร้านเสริมสวย,รู้ทัน! 5 ภาษีร้านเสริมสวยที่ต้องจ่ายไม่ให้พลาด,รู้ทันภาษีร้านเสริมสวยที่คุณต้องจ่าย! เรียนรู้ 5 ภาษีสำคัญเพื่อป้องกันปัญหาทางการเงิน อ่านเพิ่มเติมเพื่อเตรียมตัวให้ดี!
10891,posts,business-eligible-for-registration,ยกเว้นภาษีมูลค่าเพิ่ม,ยกเว้นภาษีมูลค่าเพิ่ม,ผู้ประกอบการได้รับยกเว้นภาษีมูลค่าเพิ่ม แต่มีสิทธิขอจดได้,"ธุรกิจที่ได้รับยกเว้นภาษีมูลค่าเพิ่ม VAT แต่มีสิทธิขอเข้าระบบ VAT ได้ เช่น ร้านค้าออนไลน์รายได้ไม่ถึง 1.8 ล้าน, ผู้ขายสินค้าเกษตร พร้อมเหตุผลที่ควรจด"
21833,posts,business-loss-first-year-normal-or-warning-sign,บริษัทขาดทุนได้กี่ปี,บริษัทขาดทุนได้กี่ปี,ขาดทุนปีแรก เรื่องปกติหรือสัญญาณอันตราย? เช็กก่อน,ธุรกิจขาดทุนปีแรกอันตรายไหม? แยกให้ออกระหว่างขาดทุนจากการลงทุนเริ่มต้นกับปัญหาโครงสร้าง พร้อมสัญญาณเตือนที่เจ้าของกิจการต้องรีบประเมิน
18605,posts,business-tax-deductions-thailand,สิทธิประโยชน์ทางภาษี,สิทธิประโยชน์ทางภาษี,เปิดคู่มือสิทธิประโยชน์ทางภาษี ลดหย่อนภาษีบริษัทถูกกฎหมาย,"สรุปครบ! สิทธิประโยชน์ทางภาษีที่บริษัทใช้ลดหย่อนได้ ทั้งการหักรายจ่ายเพิ่ม (Super Deduction), การยกเว้นภาษีจาก BOI และการขอคืน VAT ที่ถูกต้อง"
10892,posts,business-taxes,ภาษีธุรกิจเฉพาะ คือ,ภาษีธุรกิจเฉพาะ คือ,"ทำความเข้าใจ ""ภาษีธุรกิจเฉพาะ"" และผลกระทบต่อผู้ประกอบการ",ทำความเข้าใจภาษีธุรกิจเฉพาะและผลกระทบที่มีต่อผู้ประกอบการ เพื่อเตรียมพร้อมรับมือและวางแผนการเงินอย่างมีประสิทธิภาพ อ่านเพิ่มเติมได้ที่นี่!
11018,posts,buy-car-in-company-name-clarification,ซื้อรถในนามบริษัท,ซื้อรถในนามบริษัท,ทำความเข้าใจภาษีรถยนต์บริษัท เพื่อการจัดการที่มีประสิทธิภาพ,ทำความเข้าใจภาษีรถยนต์สำหรับบริษัทเพื่อการจัดการที่มีประสิทธิภาพ ช่วยให้คุณวางแผนและลดค่าใช้จ่ายได้อย่างชาญฉลาด อ่านเพิ่มเติมเลย!
11032,posts,buy-office-property,ซื้อบ้านในนามบริษัท,ซื้อบ้านในนามบริษัท,ซื้อออฟฟิศในนามบริษัท: ขั้นตอนและข้อควรระวังที่คุณต้องรู้,เรียนรู้ขั้นตอนและข้อควรระวังในการซื้อออฟฟิศในนามบริษัท เพื่อทำให้การลงทุนของคุณมีประสิทธิภาพมากที่สุด อ่านเพิ่มเติมได้ที่นี่!
17307,posts,cafe-license-requirements,เปิดร้านกาแฟต้องขออนุญาตอะไรบ้าง,เปิดร้านกาแฟต้องขออนุญาตอะไรบ้าง,เปิดร้านคาเฟ่ต้องขอใบอนุญาตอะไรบ้าง,เปิดร้านคาเฟ่ต้องขอใบอนุญาตอะไรบ้าง เป็นฝันของใครหลายคนที่ต้องการเปิดธุรกิจเป็นของตัวเอง แต่ผู้ประกอบการอย่าลืมทำให้ถูกต้องตามกฎหมายกันด้วยนะ
15770,posts,can-under-20-register-company,จดทะเบียนบริษัท อายุเท่าไหร่,จดทะเบียนบริษัท อายุเท่าไหร่,อายุต่ำกว่า 20 ปีจดทะเบียนบริษัทได้ไหม,อายุต่ำกว่า 20 ปีจดทะเบียนบริษัทได้ไหม การจดทะเบียนบริษัทในประเทศไทยมีข้อกำหนดเกี่ยวกับอายุของผู้ก่อตั้งและผู้ถือหุ้นที่ต้องปฏิบัติตามตามกฎหมายดังนี้
2272,posts,capital-structure-ratio,อัตราส่วนเงินทุนหมุนเวียน,อัตราส่วนเงินทุนหมุนเวียน,เข้าใจอัตราส่วนเงินทุนหมุนเวียนเพื่อการวางแผนการเงินที่ดี,เรียนรู้การวิเคราะห์อัตราส่วนเงินทุนหมุนเวียนเพื่อการวางแผนการเงินที่มีประสิทธิภาพ ทำให้การบริหารจัดการการเงินของคุณดียิ่งขึ้น
18060,posts,change-company-director,เปลี่ยนกรรมการบริษัท,เปลี่ยนกรรมการบริษัท,เปลี่ยนกรรมการบริษัท ทำอย่างไรให้ถูกต้องตามกฎหมาย,เปลี่ยนกรรมการบริษัทต้องประชุมผู้ถือหุ้น เตรียมเอกสารให้ครบ และแจ้งหน่วยงานราชการอย่างถูกต้อง เพื่อไม่ให้กระทบธุรกิจในอนาคต
11012,posts,commission-income-recording,ค่านายหน้า หัก ณ ที่จ่าย,ค่านายหน้า หัก ณ ที่จ่าย,ค่านายหน้า หัก ณ ที่จ่าย กี่เปอร์เซ็นต์ สรุปครบทุกกรณี,ค่านายหน้า หัก ณ ที่จ่ายกี่ % ใครมีหน้าที่หัก ต้องบวก VAT 7% ไหม คำนวณจากยอดไหน พร้อมตัวอย่างคิดเงินจริง และวิธียื่นให้ถูกทั้งฝั่งผู้จ่ายและผู้รับ
18443,posts,company-accounting-system-components,ระบบบัญชีบริษัท,ระบบบัญชีบริษัท,ระบบบัญชีในบริษัท มีอะไรบ้าง? รวมองค์ประกอบสำคัญ,ระบบบัญชีในบริษัทควรมีอะไรบ้าง? เพื่อให้บริษัทวางแผนการเงินและภาษีได้อย่างมีประสิทธิภาพ มาดูองค์ประกอบสำคัญของระบบบัญชีที่ทุกธุรกิจควรรู้
21405,posts,company-bankruptcy-shareholder-liability,บริษัทล้มละลาย,บริษัทล้มละลาย,ถ้าบริษัทล้มละลาย ผู้ถือหุ้นต้องรับผิดชอบไหม?,บริษัทล้มละลาย ผู้ถือหุ้นต้องรับผิดชอบหรือไม่ บทความนี้อธิบายความรับผิดของผู้ถือหุ้น กรรมการ และกรณีที่อาจ
21827,posts,company-director-powers-limitations,อำนาจกรรมการ,อำนาจกรรมการ,กรรมการบริษัทมีอำนาจอะไร และมีข้อจำกัดอะไรที่หลายคนไม่รู้?,กรรมการบริษัทสามารถทำอะไรได้และไม่ได้บ้าง? บทความนี้มาทำความเข้าใจหน้าที่ บทบาท เพื่อให้ดำเนินกิจการได้อย่างถูกต้องตามกฎหมาย
21383,posts,compare-tax-freelance-vs-salary,ฟรีแลนซ์ ยื่นภาษี,ฟรีแลนซ์ ยื่นภาษี,ความแตกต่างการจ่ายภาษีระหว่างฟรีแลนซ์และพนักงานประจำ,ฟรีแลนซ์กับพนักงานประจำจ่ายภาษีต่างกันอย่างไร? เข้าใจโครงสร้างรายได้ การหักค่าใช้จ่าย และสิทธิลดหย่อนของแต่ละกลุ่ม เพื่อวางแผนภาษีได้ถูกต้องก่อนยื่น
10851,posts,complete-financial-statements-npaes,npaes,npaes,เข้าใจ งบการเงินสำหรับธุรกิจที่ไม่มีส่วนได้เสียสาธารณะ,เรียนรู้การจัดทำงบการเงินสำหรับธุรกิจที่ไม่มีส่วนได้เสียสาธารณะ เพื่อความโปร่งใสและการจัดการที่มีประสิทธิภาพ อ่านเพิ่มเติมได้ที่นี่!
10881,posts,corporate-income-tax,ภาษีเงินได้นิติบุคคล คือ,ภาษีเงินได้นิติบุคคล คือ,ภาษีเงินได้นิติบุคคล คืออะไร? วิธีคำนวณและยื่นภาษี,เรียนรู้เกี่ยวกับภาษีเงินได้นิติบุคคลและวิธีการจ่ายที่ถูกต้อง เพื่อหลีกเลี่ยงปัญหาทางกฎหมายและเสริมสร้างความเข้าใจ คลิกอ่านเพิ่มเติม!
18592,posts,deductible-business-expenses-corporate-tax-thailand,รายจ่ายทางภาษี,รายจ่ายทางภาษี,รายจ่ายบริษัทแบบไหนหักภาษีได้? สรุปครบที่เจ้าของต้องรู้,สรุปครบ! ประเภทค่าใช้จ่ายบริษัทที่สามารถหักลดหย่อนภาษีเงินได้นิติบุคคลได้ และรายจ่ายต้องห้าม พร้อมเงื่อนไขและเอกสารที่สรรพากรยอมรับ
18675,posts,difference-company-vs-partnership,ห้างหุ้นส่วน กับบริษัท ต่างกันอย่างไร,ห้างหุ้นส่วน กับบริษัท ต่างกันอย่างไร,ห้างหุ้นส่วน กับบริษัท ต่างกันอย่างไร เลือกอย่างไรดี,เปรียบเทียบความแตกต่างระหว่างบริษัทกับห้างหุ้นส่วนต่างกันอย่างไร ? เหมาะกับธุรกิจแบบไหน แต่ละแบบมีข้อดีข้อเสียอย่างดี
16159,posts,direct-tax-vs-indirect-tax,ภาษีทางตรง ภาษีทางอ้อม,ภาษีทางตรง ภาษีทางอ้อม,ภาษีทางตรงVSภาษีทางอ้อม,ภาษีทางตรงVSภาษีทางอ้อม ความแตกต่างระหว่างภาษีทางตรงและภาษีทางอ้อมมีความสำคัญในการวางแผนทางการเงิน การจัดการภาษี และการตัดสินใจทางธุรกิจ
18817,posts,director-name-signing-authority-guide,กรรมการผู้มีอำนาจลงนาม,กรรมการผู้มีอำนาจลงนาม,ชื่อกรรมการ–อำนาจลงนาม ระบุอย่างไรให้ถูกกฎหมาย ไม่โดนตีกลับ,ชื่อกรรมการ–อำนาจลงนาม ระบุอย่างไรให้ถูกต้อง? รวมวิธีเขียน ตัวอย่าง และเคล็ดลับตรวจสอบความถูกต้องก่อนยื่นเอกสาร DBD ป้องกันสัญญาเป็นโมฆะ
17350,posts,director-salary-payment-methods,เงินเดือนกรรมการบริษัท,เงินเดือนกรรมการบริษัท,รูปแบบการรับเงินเดือนของกรรมการบริษัท,รูปแบบการรับเงินเดือนของกรรมการบริษัท ซึ่งสะท้อนถึงบทบาท ความสำคัญ และผลลัพธ์ของงานที่กรรมการได้ดำเนินการ 
16264,posts,documents-needed-register-lp,หจก,หจก,ข้อมูลใช้จดทะเบียน หจก ผู้ประกอบการต้องทราบในการจดทะเบียน,ข้อมูลใช้จดทะเบียน หจก ที่ผู้ประกอบการต้องทราบในการจดห้างหุ้นส่วนจำกัด​ ซึ่งจะทำให้ผู้ประกอบการเข้าใจถึงนิติบุคคลในรูปแบบ หจก. ได้ดียิ่งขึ้น มีอะไรบ้าง
18596,posts,documents-to-keep-for-tax-audit-thailand,สรรพากรตรวจสอบอะไรบ้าง,สรรพากรตรวจสอบอะไรบ้าง,ต้องเก็บเอกสารอะไรบ้าง? Checklist พร้อมรับการตรวจสอบภาษี,"Checklist 10 เอกสารสำคัญที่ธุรกิจต้องเก็บไว้เพื่อรับการตรวจสอบภาษีจากสรรพากร เช่น ใบกำกับภาษี, หลักฐานการจ่ายเงิน พร้อมระยะเวลาและวิธีจัดเก็บ"
15742,posts,dormant-company,บริษัทร้าง,บริษัทร้าง,บริษัทร้าง คืออะไร? ไม่ยื่นงบหลายปี โดนปรับเท่าไหร่ แก้ยังไง,"บริษัทร้าง คือบริษัทที่จดทะเบียนแล้วไม่ยื่นงบการเงินและภาษี เสี่ยงถูกนายทะเบียนขีดชื่อ ปรับสูงสุด 50,000 บาท และถูกประเมินภาษีย้อนหลัง พร้อมวิธีแก้ทีละขั้น"
10893,posts,duties-after-vat-registration,หน้าที่ของผู้ประกอบการจดทะเบียนภาษีมูลค่าเพิ่ม,หน้าที่ของผู้ประกอบการจดทะเบียนภาษีมูลค่าเพิ่ม,หน้าที่ของผู้ประกอบการจดทะเบียนภาษีมูลค่าเพิ่ม,"Checklist 4 หน้าที่สำคัญของผู้ประกอบการหลังจดทะเบียนภาษีมูลค่าเพิ่ม (VAT) ตั้งแต่การออกใบกำกับภาษี, การทำรายงานภาษีซื้อ-ขาย และวิธียื่นแบบ ภ.พ.30"
21233,posts,early-year-tax-planning-benefits,วางแผนภาษี,วางแผนภาษี,เริ่มวางแผนภาษีตั้งแต่ต้นปีดีอย่างไร?,การวางแผนภาษีตั้งแต่ต้นปีช่วยลดภาระภาษีและลดความเสี่ยงภาษีย้อนหลัง เจ้าของธุรกิจทุกคนควรรู้และเริ่มทำตั้งแต่วันนี้
16350,posts,expat-tax-working-in-thailand,ชาวต่างชาติเสียภาษียังไง,ชาวต่างชาติเสียภาษียังไง,ภาษีชาวต่างชาติที่เข้ามาทำงานในประเทศไทย,ภาษีที่ชาวต่างชาติต้องจ่าย เมื่อมีรายได้เกิดขึ้นจะต้องเสียภาษีเหมือนกับคนไทย แต่จะมีหลักเกณฑ์สำคัญที่ต้องพิจารณา ดังนี้
17172,posts,faq-about-pay-slip-2,สลิปเงินเดือน,สลิปเงินเดือน,"Q&amp;A ตอบทุกข้อสงสัยเกี่ยวกับ ""สลิปเงินเดือนพนักงาน""",สลิปเงินเดือนพนักงาน เป็นสิ่งที่ออกเป็นประจำทุกเดือน แต่มีความสำคัญอย่างไรต่อบริษัทและพนักงาน และประกอบไปด้วยอะไรบ้าง รวมทุกเรื่องที่ควรรู้ไว้ในบทความนี้ 
18405,posts,food-premises-license-requirements-restaurant-cafe-thailand,ใบอนุญาตสถานที่จำหน่ายอาหาร,ใบอนุญาตสถานที่จำหน่ายอาหาร,ใบอนุญาตสถานที่จำหน่ายอาหาร จำเป็นต้องขอหรือไม่?,เปิดร้านอาหารหรือขายอาหารริมทาง ต้องขอใบอนุญาตสถานที่จำหน่ายอาหารหรือไม่? รู้จักความสำคัญ ข้อกฎหมาย และข้อยกเว้นที่ควรรู้
18560,posts,foreign-company-registration-thailand,ต่างชาติเปิดบริษัทในไทย,ต่างชาติเปิดบริษัทในไทย,จดบริษัทมีชาวต่างชาติร่วมลงทุน ต้องทำอย่างไรให้ถูกกฎหมาย,คู่มือจดบริษัทร่วมทุนกับชาวต่างชาติ ศึกษาขั้นตอน สัดส่วนหุ้นที่ถูกกฎหมาย และวิธีใช้ BOI หรือ FBL เพื่อให้ต่างชาติถือหุ้นได้ 100% พร้อมข้อควรระวัง
8349,posts,full-tax-invoice,ใบกำกับภาษีเต็มรูป,ใบกำกับภาษีเต็มรูป,ใบกำกับภาษีเต็มรูปแบบ คืออะไร ต่างจากอย่างย่อยังไง,ใบกำกับภาษีเต็มรูปแบบ คือเอกสารที่ผู้จด VAT ต้องออก สรุปข้อความที่ต้องมี ใครต้องออก ออกตอนไหน และต่างจากใบกำกับภาษีอย่างย่ออย่างไร
16831,posts,gift-income-tax,เงินได้โดยเสน่หา เสียภาษีไหม,เงินได้โดยเสน่หา เสียภาษีไหม,ได้รับเงินโดยเสน่หาต้องเสียภาษีแบบไหน,ได้รับเงินโดยเสน่หาต้องเสียภาษีแบบไหน เพราะภาษีการรับให้ (Gift Tax) ถือเป็นรายได้ที่ผู้รับต้องพิจารณาภาระภาษีตามกฎหมาย โดยมีรายละเอียดดังนี้ :
25613,posts,hazardous-business-license,ใบอนุญาตกิจการที่เป็นอันตรายต่อสุขภาพ,ใบอนุญาตกิจการที่เป็นอันตรายต่อสุขภาพ,ใบอนุญาตกิจการที่เป็นอันตรายต่อสุขภาพ 2569 ใครต้องขอบ้าง,"เช็กว่ากิจการคุณต้องขอใบอนุญาตกิจการที่เป็นอันตรายต่อสุขภาพไหม รวม 13 กลุ่มที่เข้าข่าย ข้อยกเว้นร้านอาหาร เอกสาร ค่าธรรมเนียม โทษปรับสูงสุด 50,000 บาท"
20749,posts,how-back-tax-occurs,ภาษีย้อนหลัง,ภาษีย้อนหลัง,ภาษีย้อนหลังเกิดขึ้นได้อย่างไร? | Greenproksp,ภาษีย้อนหลังไม่ได้เกิดขึ้นเอง แต่กิจการอาจมีจุดเสี่ยงที่ทำให้สรรพากรต้องตรวจสอบย้อนหลัง บทความนี้มีสรุปและการป้องกันไม่ให้โดนภาษีย้อนหลัง
18005,posts,how-long-business-license-valid,ต่ออายุใบอนุญาต,ต่ออายุใบอนุญาต,ข้อมูลใบอนุญาตประกอบธุรกิจ 7 ชนิดควรต่ออายุบ่อยแค่ไหน,ใบอนุญาต 7 ชนิด ต้องต่ออายุทุกกี่ปี และหน่วยงานที่สามารถออกใบอนุญาตได้มีอะไรบ้าง รวมถึงรายละเอียดของแต่ละใบอนุญาต
21299,posts,how-to-accounting-system-for-sme,วางระบบบัญชี,วางระบบบัญชี,วิธีวางระบบบัญชีสำหรับ SME,SME ควรวางระบบบัญชีอย่างไรเพื่อให้ธุรกิจมีระบบตั้งแต่เริ่มต้น บทความนี้มาดูแนวทางจัดการเงิน เอกสาร และภาษีให้เป็นระบบและตรวจสอบได้
23702,posts,how-to-calculate-vat-formula,คำนวณ vat,คำนวณ vat,วิธีคำนวณภาษีมูลค่าเพิ่ม (VAT),คู่มือคำนวณภาษีมูลค่าเพิ่ม (VAT) สำหรับมือใหม่ แบบเข้าใจง่าย พร้อมตัวอย่างที่สามารถนำไปปรับใช้กับธุรกิจได้จริง
15806,posts,how-to-dissolve-a-company,จดเลิกบริษัท,จดเลิกบริษัท,จดเลิกบริษัท 2569 ขั้นตอน เอกสาร และค่าใช้จ่ายครบ,จดเลิกบริษัทต้องทำอะไรบ้าง สรุปครบทั้ง 5 ขั้นตอน เอกสารที่ต้องเตรียม ค่าใช้จ่ายจริงแต่ละรายการ และผลที่ตามมาถ้าปล่อยบริษัทค้างไว้ไม่ปิดให้ถูกวิธี
25495,posts,how-to-file-tax-forms,ยื่นแบบภาษี,ยื่นแบบภาษี,ยื่นภาษีเงินได้บุคคลธรรมดาอย่างไรให้ถูกต้องและง่ายดาย,เรียนรู้วิธีการยื่นภาษีเงินได้บุคคลธรรมดาอย่างถูกต้องและง่ายดาย เพื่อหลีกเลี่ยงปัญหาและเพิ่มความสะดวกในการจัดการคลังภาษีของคุณ อ่านเพิ่มเติมที่นี่!
21396,posts,how-to-fix-company-objective,แก้ไขวัตถุประสงค์บริษัท,แก้ไขวัตถุประสงค์บริษัท,,จดบริษัทผิดประเภทกิจการ หรือวัตถุประสงค์ไม่ครอบคลุมงานจริง แก้ไขได้ไม่ยาก บทความนี้สรุปวิธีจดแก้ไขวัตถุประสงค์บริษัทกับ DBD ทั้งขั้นตอน เอกสาร และข้อควรระวัง
18544,posts,how-to-get-alcohol-license-thailand,ขอใบอนุญาตขายสุรา ใช้เอกสารอะไรบ้าง,ขอใบอนุญาตขายสุรา ใช้เอกสารอะไรบ้าง,ขอใบอนุญาตขายสุรา 2569: เอกสารที่ต้องใช้และขั้นตอนล่าสุด,เปิดร้านอาหาร ผับ บาร์ ต้องเตรียมเอกสารอะไรบ้างเพื่อขอใบอนุญาตขายสุรา? สรุปครบทั้งบุคคลธรรมดาและนิติบุคคล พร้อมขั้นตอนและค่าธรรมเนียมที่ต้องรู้
18518,posts,how-to-issue-credit-note-correctly-thailand,ใบลดหนี้,ใบลดหนี้,ใบลดหนี้ คืออะไร ออกตอนไหน พร้อมตัวอย่าง 2569,ใบลดหนี้ คือเอกสารลดมูลค่าหลังออกใบกำกับภาษีแล้ว สรุป 8 กรณีที่ออกได้ตามกฎหมาย รายการที่ต้องมี และกรอบเวลาที่ผู้ขายกับผู้ซื้อใช้ต่างกัน
18554,posts,how-to-manage-small-business-expenses,เงินสดย่อย,เงินสดย่อย,เงินสดย่อย (Petty Cash) คืออะไร? วิธีวางระบบไม่ให้เงินรั่ว,เงินสดย่อย (Petty Cash) คือระบบจัดการเงินสดหมุนเวียนในกิจการ วิธีตั้งวงเงิน วางระบบเบิก-จ่าย และควบคุมค่าใช้จ่ายเล็ก ๆ พร้อมเชื่อมโยงกับภาษีให้ถูกต้อง
18619,posts,how-to-read-financial-statements-for-beginners,อ่านงบการเงิน,อ่านงบการเงิน,อ่านบัญชีไม่เป็น? 3 ขั้นตอนดูงบการเงินสำหรับเจ้าของธุรกิจ,คู่มือสำหรับเจ้าของธุรกิจที่อ่านบัญชีไม่เป็น เริ่มต้นวิเคราะห์งบการเงินง่ายๆ ใน 3 ขั้นตอน จากงบกำไรขาดทุน งบดุล และงบกระแสเงินสด เพื่อให้เข้าใจสุขภาพธุรกิจ
18026,posts,how-to-register-capital-reduction-in-thailand,ลดทุนจดทะเบียน,ลดทุนจดทะเบียน,4 ขั้นตอนการจดทะเบียนลดทุน และข้อควรรู้ของการจดทะเบียนลดทุน,ขั้นตอนการจดทะเบียนลดทุนบริษัทในประเทศไทย ตั้งแต่มติที่ประชุมผู้ถือหุ้น การแจ้งเจ้าหนี้ จนถึงการยื่นจดทะเบียนกับกรมพัฒนาธุรกิจการค้า พร้อมข้อควรระวัง
17185,posts,how-to-request-company-certification-online,ขอหนังสือรับรองบริษัท,ขอหนังสือรับรองบริษัท,ขอหนังสือรับรองบริษัทออนไลน์ 2569 คัด DBD ครบใน 30 นาที,ขอหนังสือรับรองบริษัทออนไลน์ผ่าน DBD e-Service 2569 ครบ 10 ขั้นตอน ค่าธรรมเนียมจริง วิธีรับที่ธนาคารใน 30 นาที และวิธีขอฉบับภาษาอังกฤษ
11008,posts,import-tax,ภาษีนำเข้า,ภาษีนำเข้า,ภาษีนำเข้าสินค้า: วิธีคำนวณและข้อควรระวังในการนำเข้า,เรียนรู้วิธีคำนวณภาษีนำเข้าสินค้าและข้อควรระวังที่ควรทราบ เพื่อให้การนำเข้าสินค้าเป็นไปอย่างราบรื่น อ่านเพิ่มเติมได้ที่นี่!
17938,posts,importances-of-audit,audit คือ,audit คือ,ส่องความสำคัญ 'ออดิท' การตรวจบัญชีที่ทุกองค์กรต้องรู้,สรุปความหมายของออดิท คือกระบวนการตรวจสอบงบบัญชีและงบการเงินภายในองค์กร ดำเนินการโดย Auditor พร้อมแนะนำ 4 ประเภทของออดิทที่ควรรู้จัก
16246,posts,individual-income-over-1-8-million,รายได้เกิน 1.8 ล้าน บุคคลธรรมดา,รายได้เกิน 1.8 ล้าน บุคคลธรรมดา,รายได้เกิน 1.8 ล้าน/ปี ต้องจดบริษัทไหม?,หากบุคคลธรรมดามีรายได้เกิน 1.8 ล้านบาท ไม่ใช่ข้อบังคับในการจัดตั้งบริษัท เป็นเรื่องของการจดภาษีมูลค่าเพิ่ม บทความนี้จะอธิบายว่ากรณีใดที่ควรจดบริษัท
10882,posts,inheritance-tax,ภาษีมรดก,ภาษีมรดก,ภาษีการรับมรดก: คำนวณและวางแผนเพื่อประหยัดภาษีอย่างถูกต้อง,เรียนรู้วิธีคำนวณและวางแผนภาษีการรับมรดก เพื่อประหยัดภาษีอย่างถูกต้อง อ่านบทความนี้เพื่อข้อมูลที่ชัดเจนและมีประโยชน์!
11022,posts,issue-credit-note-after-period-end,ใบลดหนี้ บันทึกบัญชีอย่างไร,ใบลดหนี้ บันทึกบัญชีอย่างไร,"ทำความเข้าใจ ""ใบลดหนี้"" และบทบาทสำคัญในธุรกิจ","ทำความเข้าใจเกี่ยวกับ ""ใบลดหนี้"" และบทบาทสำคัญในธุรกิจเพื่อการบริหารการเงินที่มีประสิทธิภาพ อ่านเพิ่มเติมเพื่อพัฒนาความรู้ของคุณ!"
10888,posts,issuing-tax-invoice,ใบกำกับภาษี,ใบกำกับภาษี,ทำความรู้จักกับใบกำกับภาษีและประโยชน์ที่คุณควรรู้,ทำความรู้จักกับใบกำกับภาษีและประโยชน์ที่คุณควรรู้ เพื่อช่วยให้คุณเข้าใจและใช้ประโยชน์จากมันได้อย่างเต็มที่ อ่านเพิ่มเติมเลย!
20324,posts,issuing-tax-invoice-without-vat-registration,ไม่ได้จด vat ออกใบกํากับภาษี,ไม่ได้จด vat ออกใบกํากับภาษี,ออกใบกำกับภาษีแต่ไม่จด VAT ผิดไหม? เสี่ยงโดนปรับ,ยังไม่จด VAT แต่ออกใบกำกับภาษี เสี่ยงโดนสรรพากรตรวจย้อนหลัง 5 ปี! รู้ทันความผิด วิธีแก้ไข และเอกสารที่ออกได้อย่างถูกต้องแทนใบกำกับภาษี
11030,posts,life-insurance-agent-tax,ตัวแทนประกันชีวิต ยื่นภาษีแบบไหน,ตัวแทนประกันชีวิต ยื่นภาษีแบบไหน,ตัวแทนประกันชีวิต ยื่นภาษีแบบไหน ใช้ ภ.ง.ด. อะไร,ตัวแทนประกันชีวิตยื่นภาษีแบบไหน ใช้ ภ.ง.ด.90 หรือ 94 ค่าคอมปีแรกกับปีต่ออายุนับยังไง หักค่าใช้จ่ายได้เท่าไหร่ และเมื่อไหร่ต้องจด VAT
16256,posts,limited-company-overview,บริษัท,บริษัท,บริษัทจำกัดคืออะไร ความหมายบริษัทจำกัด วัตถุประสงค์บริษัท,บริษัทจำกัด คืออะไร และความหมายที่แท้จริงของบริษัทจำกัด วัตถุประสงค์ที่จัดตั้งบริษัทจำกัด นิติบุคคลตามกฎหมาย เหตุผลที่ควรจัดตั้งบริษัทจำกัด อำนาจการบริหาร
18814,posts,limited-partnership-vs-company-tax-difference,หจก กับ บริษัท เสียภาษีต่างกันอย่างไร,หจก กับ บริษัท เสียภาษีต่างกันอย่างไร,ห้างหุ้นส่วนจำกัดเสียภาษีต่างจากบริษัทไหม?,ห้างหุ้นส่วนจำกัดเสียภาษีต่างจากบริษัทไหม? สรุปความต่าง หจก. vs บจก. ด้านภาษี การหักค่าใช้จ่าย และการบริหาร เข้าใจง่าย
16265,posts,managing-partner,หุ้นส่วนผู้จัดการ,หุ้นส่วนผู้จัดการ,หน้าที่และความรับผิดชอบของคนที่เป็นหุ้นส่วนผู้จัดการ,หุ้นส่วนผู้จัดการ คือ ตัวแทนของหุ้นส่วนทั้งหมด ทำหน้าที่บริหารจัดการ และตัดสินใจให้ห้างหุ้นส่วนเติบโตขึ้น ซึ่งต้องเห็นแก่ประโยชน์ของห้างหุ้นส่วนเป็นหลัก
17347,posts,memorandum-of-association,หนังสือบริคณห์สนธิ,หนังสือบริคณห์สนธิ,หนังสือบริคณห์สนธิ คืออะไร? เนื้อหา ขั้นตอน ค่าธรรมเนียม,หนังสือบริคณห์สนธิ (MOA) คืออะไร? สรุปเนื้อหา 6 ข้อตามกฎหมาย ขั้นตอนยื่น DBD ค่าธรรมเนียม 500 บาท และวิธีแก้ไข พร้อมบริการรับจดทะเบียนบริษัท
16358,posts,minor-earning-income-tax,อายุ ไม่ถึง 18 ต้องเสียภาษีไหม,อายุ ไม่ถึง 18 ต้องเสียภาษีไหม,มีรายได้แต่ไม่บรรลุนิติภาวะต้องเสียภาษีไหม,มีรายได้แต่ไม่บรรลุนิติภาวะต้องเสียภาษีไหม และการเสียภาษีจะขึ้นอยู่กับลักษณะของรายได้และสถานะของผู้ปกครองแบบใด รายละเอียดที่ควรทราบมีดังนี้
18320,posts,multiple-businesses-new-company-or-branch,จดสาขาเพิ่ม,จดสาขาเพิ่ม,มีหลายธุรกิจควรจดบริษัทใหม่หรือจดเพิ่มสาขา,มีหลายธุรกิจควรจดบริษัทใหม่หรือจดเพิ่มสาขา เจ้าของธุรกิจควรวางแผนให้ถูกทางตั้งแต่ธุรกิจแม่ไปจนถึงสาขาต่างๆ เพื่อให้การดำเนินงานไม่ติดขัด และไม่ล่าช้า 
21742,posts,new-company-no-income-tax-filing,บริษัทไม่มีรายได้ต้องยื่นภาษีไหม,บริษัทไม่มีรายได้ต้องยื่นภาษีไหม,บริษัทไม่มีรายได้ต้องยื่นภาษีไหม ครบทุกแบบ,บริษัทไม่มีรายได้ก็ยังต้องยื่นภาษี สรุปครบว่าต้องยื่นแบบไหน กำหนดส่งเมื่อไหร่ ค่าปรับเท่าไหร่ พร้อมวิธีแจ้งหยุดกิจการชั่วคราว
18453,posts,new-company-required-structure,โครงสร้างบริษัท,โครงสร้างบริษัท,จะเปิดบริษัทใหม่ ต้องมีโครงสร้างอะไรบ้าง?,จะเปิดบริษัทใหม่ ต้องมีโครงสร้างอะไรบ้าง? เตรียมตัวให้พร้อมก่อนเปิดบริษัทรู้จักโครงสร้างที่ธุรกิจควรมี เพื่อให้ธุรกิจมั่นคงและไม่สะดุด
18616,posts,non-deductible-expenses-for-corporate-tax-thailand,ค่าใช้จ่ายต้องห้ามทางภาษี,ค่าใช้จ่ายต้องห้ามทางภาษี,ค่าใช้จ่ายต้องห้ามทางภาษี รวมรายการที่ห้ามบันทึกค่าใช้จ่าย,รวมค่าใช้จ่ายต้องห้ามทางภาษีทุกรายการที่ห้ามลงเป็นค่าใช้จ่ายบริษัท ตั้งแต่รายจ่ายส่วนตัว ค่ารับรองเกินเกณฑ์ พร้อมวิธีป้องกันไม่ให้ถูกบวกกลับและเสียภาษีเพิ่ม
16212,posts,non-refundable-input-tax,ภาษีซื้อขอคืนไม่ได้,ภาษีซื้อขอคืนไม่ได้,ภาษีซื้อขอคืนไม่ได้,ภาษีซื้อขอคืนไม่ได้ ที่ผู้ประกอบการได้จ่ายไปในการซื้อสินค้าและบริการ แต่ไม่สามารถขอคืนหรือนำไปหักลบกับภาษีขายได้
16218,posts,not-registering-for-vat,รายได้เกิน 1.8 ล้าน แต่ไม่ได้จด vat,รายได้เกิน 1.8 ล้าน แต่ไม่ได้จด vat,การไม่จดทะเบียนภาษีมูลค่าเพิ่ม เมื่อมีรายได้เกิน 1.8 ล้านบาท,การไม่จดทะเบียนภาษีมูลค่าเพิ่ม เมื่อมีรายได้เกิน 1.8 ล้านบาท อาจส่งผลให้กิจการมีโทษทางกฎหมายได้ ดังนี้
17230,posts,number-of-directors-requirements-company-registration-thailand,จดบริษัท กี่คน,จดบริษัท กี่คน,จำนวนกรรมการบริษัทที่ต้องมีในการจดทะเบียนธุรกิจในไทย,รู้ข้อกำหนดจำนวนกรรมการบริษัทจำกัดและมหาชนในไทย พร้อมข้อมูลสำคัญเกี่ยวกับการบริหารธุรกิจให้ถูกต้องตามกฎหมายและมีประสิทธิภาพ
18789,posts,online-selling-taxes-in-thailand,ขายของออนไลน์ ภาษี,ขายของออนไลน์ ภาษี,ขายของออนไลน์เสียภาษีอะไรบ้าง? สรุปครบสำหรับพ่อค้าแม่ค้า,"ขายของออนไลน์ต้องเสียภาษีอะไร? สรุปครบทุกเรื่องภาษีที่ผู้ประกอบการต้องรู้ ทั้งภาษีเงินได้บุคคลธรรมดา, นิติบุคคล, VAT, ภาษีหัก ณ ที่จ่าย และภาษีนำเข้า"
18431,posts,open-business-bank-account-thailand,เปิดบัญชีธนาคารบริษัท ใช้เอกสารอะไรบ้าง,เปิดบัญชีธนาคารบริษัท ใช้เอกสารอะไรบ้าง,เปิดบัญชีธนาคารในนามบริษัท ใช้เอกสารอะไรบ้าง 2569,เปิดบัญชีธนาคารในนามบริษัทใช้เอกสารหลัก 6 อย่าง กรรมการต้องไปแสดงตัวเอง และทำเสร็จได้ในวันเดียว คู่มือ 2569 อธิบายทุกเอกสาร ขั้นตอน และข้อควรระวัง
18684,posts,penalty-for-not-submitting-financial-statements,ไม่ส่งงบการเงิน,ไม่ส่งงบการเงิน,ไม่ยื่นงบการเงิน มีความผิดไหม? สรุปบทลงโทษที่ต้องรู้,เข้าใจบทลงโทษหากไม่ยื่นงบการเงินหรือยื่นล่าช้า พร้อมแนวทางรับมือเมื่อเกิดเหตุไม่คาดคิด เพื่อป้องกันการต้องจ่ายค่าปรับและปัญหาทางกฎหมายที่อาจตามมา
10879,posts,personal-income-tax,ภาษีเงินได้บุคคลธรรมดา,ภาษีเงินได้บุคคลธรรมดา,ภาษีเงินได้บุคคลธรรมดา 2569 วิธีคำนวณและยื่นให้ครบ,รวมทุกเรื่องภาษีเงินได้บุคคลธรรมดา 2569 ใครต้องยื่น คำนวณอย่างไร ลดหย่อนอะไรได้บ้าง เลือก ภ.ง.ด.90 หรือ 91 พร้อมขั้นตอนยื่นออนไลน์และกำหนดเวลา
22854,posts,personal-income-tax-filing-2026,ยื่นภาษีบุคคลธรรมดา,ยื่นภาษีบุคคลธรรมดา,การยื่นภาษีบุคคลธรรมดาในปี 2026,คู่มือยื่นภาษีบุคคลธรรมดาปี 2026 ครบทุกขั้นตอน ตั้งแต่เลือกแบบ ภ.ง.ด.90/91 เตรียม 50 ทวิ ไปจนถึงรายการลดหย่อนที่ใช้ได้ สำหรับมนุษย์เงินเดือนและฟรีแลนซ์
16239,posts,pnd50-tax-return,ภงด 50 คือ,ภงด 50 คือ,ภ.ง.ด.50 คืออะไร? สรุปวิธียื่นภาษี &amp; แนวทางเลี่ยงค่าปรับ,ภงด.50 เป็นแบบแสดงรายการภาษีเงินได้นิติบุคคล ซึ่งผู้จดทะเบียนธุรกิจจะต้องยื่นรายงานเพื่อดำเนินการเสียภาษีแม้ว่าปีนั้นจะมีรายได้หรือไม่มีก็ตาม
26511,posts,pnd51-corporate-income-tax,ภ.ง.ด.51,ภ.ง.ด.51,ภ.ง.ด.51 คืออะไร? วิธีคำนวณ + กำหนดยื่นภาษีครึ่งปี 2569,ภ.ง.ด.51 คือภาษีเงินได้นิติบุคคลครึ่งปี ยื่นภายใน 31 ส.ค. 2569 ออนไลน์ถึง 8 ก.ย. 2569 สรุปวิธีคำนวณ อัตราภาษี SME พร้อมเครื่องคำนวณ
26375,posts,pnd51-estimate-shortfall-25-percent,ภ งด 51 ขาด เกิน 25,ภ งด 51 ขาด เกิน 25,ประมาณการ ภ.ง.ด.51 ขาดเกินไป 25% แก้ไขอย่างไรดี,ประมาณการกำไร ภ.ง.ด.51 ต่ำกว่าจริงเกิน 25% เสียเงินเพิ่ม 20% ตามมาตรา 67 ตรี รู้เกณฑ์เหตุอันสมควรที่ช่วยให้ปลอดภัย และวิธีลดเงินเพิ่มเหลือ 1.5% ต่อเดือน
21830,posts,pop-up-store-alcohol-license,ขอใบอนุญาตขายสุรา ชั่วคราว,ขอใบอนุญาตขายสุรา ชั่วคราว,ร้าน Pop-up ขายสุราได้ไหม ต้องขอใบอนุญาตชั่วคราวอะไร,ร้านชั่วคราวหรือ Pop-up Store ขายสุราต้องขอใบอนุญาตอะไรบ้าง เปิดขายกี่วันก็ต้องขอหรือไม่ บทความนี้สรุปข้อกฎหมายที่ผู้ประกอบการมักพลาด
18457,posts,pos-cash-register-registration-thailand,ภ.พ.06,ภ.พ.06,ภ.พ.06 คืออะไร ยื่นที่ไหน ใช้เอกสารอะไรบ้าง สรุปครบ,ภ.พ.06 คือคำขออนุมัติใช้เครื่อง POS ออกใบกำกับภาษีอย่างย่อ สรุปว่าใครต้องยื่น ยื่นที่ไหน ยื่นออนไลน์ได้ไหม เอกสารที่ต้องเตรียม และ POS ID มาจากไหน
15611,posts,prohibited-expenses-for-tax,ค่ารับรอง,ค่ารับรอง,ค่ารับรอง คืออะไร? หักภาษีได้เท่าไหร่ พร้อมเกณฑ์ 0.3%,"ค่ารับรอง คือค่าใช้จ่ายเลี้ยงรับรองลูกค้าที่หักภาษีได้เพียงบางส่วน สรุปเกณฑ์ค่ารับรองทางภาษี ทั้งเพดานของขวัญ 2,000 บาทต่อครั้ง สัดส่วน 0.3% ของรายได้"
8665,posts,prohibited-input-tax,ภาษีซื้อต้องห้าม,ภาษีซื้อต้องห้าม,ภาษีซื้อต้องห้ามที่คุณต้องรู้ เพื่อหลีกเลี่ยงปัญหา,ภาษีซื้อต้องห้ามคืออะไร? เจาะลึก 6 ประเภทที่เคลมไม่ได้ตามมาตรา 82/5 พร้อมตารางเปรียบเทียบ บทลงโทษ และ Checklist ตรวจสอบก่อนลงบัญชีฉบับสมบูรณ์
17944,posts,prohibited-occupations-for-foreigners-thailand,อาชีพต้องห้ามต่างด้าว,อาชีพต้องห้ามต่างด้าว,40 อาชีพที่คนต่างด้าวห้ามทำ ฝ่าฝืนโดนปรับสูงสุด 1 แสนบาท,รวมข้อควรรู้เกี่ยวกับแรงงานต่างด้าวผิดกฎหมาย เช่น อาชีพที่คนต่างด้าวห้ามทำ อาชีพที่ทำได้เฉพาะผู้ที่มีนายจ้าง พร้อมบทลงโทษที่ผู้ประกอบการต้องรู้
10998,posts,real-estate-broker-tax,ภาษีนายหน้า,ภาษีนายหน้า,ค่านายหน้าขายที่ดิน กี่เปอร์เซ็นต์ และเสียภาษีเท่าไหร่,ค่านายหน้าขายที่ดินคิดกี่เปอร์เซ็นต์ ที่ดินเปล่ากับบ้านต่างกันยังไง ไม่ได้ตกลงตัวเลขไว้เรียกได้ไหม และเมื่อได้เงินมาแล้วต้องเสียภาษีเท่าไหร่
20941,posts,register-company-without-lease-agreement,หนังสือยินยอมให้ใช้สถานที่,หนังสือยินยอมให้ใช้สถานที่,หนังสือยินยอมให้ใช้สถานที่ ตัวอย่างและวิธีเขียนให้ผ่าน,หนังสือยินยอมให้ใช้สถานที่ ใช้แทนสัญญาเช่าตอนจดบริษัท จดพาณิชย์ จด VAT พร้อมตัวอย่างฉบับเต็มก๊อปไปใช้ได้ เอกสารที่ต้องแนบ และจุดที่ทำให้โดนตีกลับ
18434,posts,registered-capital-vs-paid-up-capital,ทุุนจดทะเบียน,ทุุนจดทะเบียน,ทุนจดทะเบียน คืออะไร ต่างจากทุนชำระแล้วยังไง ต้องมีเงินไหม,ทุนจดทะเบียน คือเงินทุนที่แจ้งไว้กับ DBD ส่วนทุนชำระแล้วคือเงินที่ผู้ถือหุ้นจ่ายจริง กฎหมายบังคับชำระขั้นต่ำ 25% สรุปความต่าง วิธีดูทุนชำระแล้ว
16130,posts,representative-office-thailand,สำนักงานผู้แทน,สำนักงานผู้แทน,การจดทะเบียนสำนักงานผู้แทน และสำนักงานสาขาในประเทศไทย,สำนักงานต่างชาติ ขั้นตอนการจัดตั้งสำนักงานผู้แทน และสำนักงานสาขา นิติบุคคลต่างประเทศในประเทศไทย ข้อกำหนดและความแตกต่างของสำนักงาน
16958,posts,restaurant-license-requirements,เปิดร้านอาหารต้องขออนุญาตอะไรบ้าง,เปิดร้านอาหารต้องขออนุญาตอะไรบ้าง,เปิดร้านอาหารต้องขอใบอนุญาตอะไรบ้าง 2569 ครบทุกใบ,เปิดร้านอาหารต้องขอใบอนุญาตอะไรบ้าง? สรุปครบปี 2569 ทั้งใบอนุญาตสถานที่จำหน่ายอาหาร สุรา กิจการอันตรายต่อสุขภาพ พร้อมเอกสาร ขั้นตอน ค่าธรรมเนียม
16289,posts,selling-personal-items-tax,ขายของสะสม เสียภาษีไหม,ขายของสะสม เสียภาษีไหม,นำของส่วนตัวมาขายเสียภาษีไหม,นำของส่วนตัวมาขายเสียภาษีไหม  ขึ้นอยู่กับลักษณะการขาย และการทำความเข้าใจในเรื่องนี้เป็นสิ่งสำคัญที่ช่วยให้คุณปฏิบัติตามกฎหมายอย่างถูกต้อง 
22266,posts,shareholder-structure-change-dividend-tax,ภาษีเงินปันผล,ภาษีเงินปันผล,เปลี่ยนโครงสร้างผู้ถือหุ้น มีผลต่อภาษีเงินปันผลหรือไม่,การปรับโครงสร้างผู้ถือหุ้นไม่ได้กระทบแค่สัดส่วนการถือหุ้น แต่ยังส่งผลต่อภาษีเงินปันผลและกระแสเงินสดของผู้ถือหุ้น บทความนี้สรุปสิ่งที่ต้องรู้ก่อนโอนหุ้
18540,posts,shopee-tiktok-tax-invoice-vat-guide,ใบกำกับภาษี shopee,ใบกำกับภาษี shopee,ขายของใน Shopee / TikTok ต้องออกใบกำกับภาษีไหม? สรุปครบ,ขายของออนไลน์ใน Shopee หรือ TikTok ต้องออกใบกำกับภาษีเมื่อไหร่? สรุปเงื่อนไขและเกณฑ์รายได้ที่ผู้ค้าออนไลน์ต้องรู้ก่อนจดทะเบียน VAT เพื่อจัดการภาษีให้ถูกต้อง
22054,posts,social-security-eligible-employees,ประกันสังคม ลูกจ้าง,ประกันสังคม ลูกจ้าง,ลูกจ้างแบบไหนบ้างที่ต้องเข้าประกันสังคม,ลูกจ้างประเภทไหนต้องเข้าประกันสังคมและเข้าเกณฑ์ต่างกันอย่างไร นายจ้างควรรู้ก่อนเสี่ยงผิดกฎหมายและโดนตรวจย้อนหลัง
17182,posts,social-security-process-for-employer,ขึ้นทะเบียนนายจ้าง ประกันสังคม,ขึ้นทะเบียนนายจ้าง ประกันสังคม,ขั้นตอนทำประกันสังคมออนไลน์ ต่างชาติทำได้ไหม นายจ้างเช็กด่วน,อยากขึ้นทะเบียนนายจ้างเพื่อทำประกันสังคมให้ลูกน้อง ไม่ใช่เรื่องยุ่งยากอย่างที่คิด ดำเนินการได้สะดวกด้วยระบบการขึ้นทะเบียนนายจ้างออนไลน์
10887,posts,stamp-duty-overview,อากรแสตมป์,อากรแสตมป์,อากรแสตมป์ คืออะไร? สรุปครบทุกเรื่องที่ธุรกิจต้องรู้,เรียนรู้เกี่ยวกับอากรแสตมป์ที่สำคัญสำหรับธุรกิจของคุณ เพื่อการดำเนินงานที่ราบรื่นและประสบความสำเร็จ อ่านเพิ่มเติมได้ที่นี่!
17994,posts,start-business-alone-or-with-partner,กิจการเจ้าของคนเดียว,กิจการเจ้าของคนเดียว,ทำธุรกิจคนเดียว หรือควรมีหุ้นส่วนแบบไหนดีกว่ากัน?,การเริ่มต้นธุรกิจเป็นความฝันของหลาย ๆ คน แต่หนึ่งในคำถามที่สำคัญคือ “ควรทำธุรกิจคนเดียว หรือหาหุ้นส่วนมาร่วมงานดี?”
18331,posts,street-food-restaurant-license-required,เปิดร้านอาหารตามสั่ง ต้องจดทะเบียนไหม,เปิดร้านอาหารตามสั่ง ต้องจดทะเบียนไหม,เปิดร้านอาหารตามสั่งในตลาดต้องขอใบอนุญาตตามกฎหมายไหม,เปิดร้านอาหารตามสั่งในตลาดต้องขอใบอนุญาตเปิดร้านอาหารไหม บทความนี้มีคำตอบ พร้อมข้อมูลใบอนุญาตร้านอาหารที่จำเป็นตามกฎหมายสุขาภิบาล
10889,posts,tax-appeal,อุทธรณ์ภาษี,อุทธรณ์ภาษี,ขั้นตอนการอุทธรณ์ภาษีอากรที่ควรรู้เพื่อความยุติธรรม,รู้จักขั้นตอนการอุทธรณ์ภาษีอากรเพื่อความยุติธรรมในกระบวนการภาษี อ่านบทความนี้เพื่อทำความเข้าใจและเตรียมตัวให้พร้อม!
16234,posts,tax-audit-retrospective,ตรวจสอบภาษีย้อนหลัง,ตรวจสอบภาษีย้อนหลัง,ถูกสรรพากรตรวจสอบภาษีย้อนหลังควรเตรียมตัวอย่างไร?,ถูกสรรพากรตรวจสอบภาษีย้อนหลัง เพราะอาจจะเห็นข้อมูลบางอย่างที่มีความผิดปกติเข้าข่ายทำให้กรมสรรพากรสงสัยและเริ่มตรวจสอบธุรกิจของผู้ประกอบการ 
18666,posts,tax-filing-accounting-checklist-thailand,ตรวจสอบบัญชี,ตรวจสอบบัญชี,7 Checklist ตรวจสอบบัญชีก่อนยื่นภาษีที่เจ้าของกิจการต้องรู้,"สรุป Checklist 7 ข้อสำคัญในการตรวจสอบบัญชีก่อนยื่นภาษีประจำปี ทั้งการกระทบยอดรายได้, ค่าใช้จ่าย, ภาษีซื้อ-ขาย และภาษีหัก ณ ที่จ่าย เพื่อความถูกต้อง"
21393,posts,tax-filing-after-withholding,โดนหักภาษีจากเงินเดือน ขอคืนได้ไหม,โดนหักภาษีจากเงินเดือน ขอคืนได้ไหม,โดนหัก ณ ที่จ่ายแล้ว ยังต้องยื่นภาษีไหม?,หลายคนคิดว่าโดนหักภาษีแล้วไม่ต้องยื่นอีก แต่ความจริงอาจไม่ใช่อย่างที่คิด บทความนี้สรุปให้ชัด เข้าใจง่าย และไม่พลาดสิทธิทางภาษี
15685,posts,tax-invoice-eligible-for-deduction,ใบกํากับภาษี ลดหย่อนภาษีได้ไหม,ใบกํากับภาษี ลดหย่อนภาษีได้ไหม,ใบกำกับภาษีลดหย่อนภาษีได้ไหม,ใบกำกับภาษีลดหย่อนภาษีได้ไหม สำหรับสิทธิลดหย่อนภาษี (หักเป็นค่าใช้จ่าย) เป็นสิ่งหนึ่งที่ทำให้หลาย ๆ ท่านสับสน บทความนี้เรามีคำตอบมาให้ท่านแล้ว
18621,posts,tax-invoice-vs-receipt-thailand-guide,ใบเสร็จรับเงิน/ใบกำกับภาษี,ใบเสร็จรับเงิน/ใบกำกับภาษี,ใบกำกับภาษีใช้แทนใบเสร็จได้ไหม? คำตอบสำหรับเจ้าของกิจการ,ไขข้อสงสัยความต่างระหว่างใบกำกับภาษีและใบเสร็จรับเงิน เอกสารไหนใช้ทำอะไร ใครมีสิทธิออก และบทลงโทษหากออกผิดพลาดที่เจ้าของธุรกิจ SME ต้องรู้
17464,posts,taxes-business-must-pay,เปิดบริษัทต้องเสียภาษีอะไรบ้าง,เปิดบริษัทต้องเสียภาษีอะไรบ้าง,ภาษีที่บริษัทต้องเสียหลังจดทะเบียน รวมทุกภาษีสำคัญ,"จดทะเบียนบริษัทแล้วต้องเสียภาษีอะไรบ้าง? รู้จักภาษีที่บริษัทต้องจ่าย พร้อมวิธีการยื่นภาษีเงินได้นิติบุคคล, VAT และภาษีหัก ณ ที่จ่าย"
10886,posts,taxpayer-rights,ผู้มีหน้าที่เสียภาษีเงินได้บุคคลธรรมดา,ผู้มีหน้าที่เสียภาษีเงินได้บุคคลธรรมดา,ผู้มีหน้าที่เสียภาษีเงินได้บุคคลธรรมดา คือใครบ้าง,ผู้มีหน้าที่เสียภาษีเงินได้บุคคลธรรมดามี 5 กลุ่มตามมาตรา 56 สรุปหน้าที่ที่ต้องทำ สิทธิที่มักไม่รู้ ทั้งผ่อนชำระ อุทธรณ์ ภ.ส.6 ขอคืนภาษี และโทษถ้าไม่ทำ
18471,posts,thai-massage-shop-license-thailand,การขอใบอนุญาตเปิดร้านนวด,การขอใบอนุญาตเปิดร้านนวด,เปิดร้านนวดแผนไทย ต้องขอใบอนุญาตอะไรบ้าง?,เริ่มต้นเปิดร้านนวดแผนไทยต้องขอใบอนุญาตอะไรบ้าง? สรุปเอกสาร ขั้นตอน และข้อควรรู้ เพื่อเปิดร้านอย่างถูกกฎหมายและปลอดภัย
16152,posts,things-to-know-phor-ngor-dor-1-kor,ภงด 1 คือ,ภงด 1 คือ,เรื่องที่ควรรู้เกี่ยวกับภงด1ก,เรื่องที่ควรรู้เกี่ยวกับภงด1ก ที่ผู้ประกอบการต้องทำรายงานการหักภาษี ณ ที่จ่าย จากรายได้ของพนักงานในรอบปีภาษีนั้นๆ เพื่อนำส่งกรมสรรพากร 
18460,posts,tour-company-license-thailand,ใบอนุญาตบริษัททัวร์,ใบอนุญาตบริษัททัวร์,เปิดบริษัททัวร์ต้องขอใบอนุญาตอะไรบ้างให้ถูกต้อง?,อยากเปิดบริษัททัวร์ในไทย ต้องขอใบอนุญาตอะไรบ้าง? สรุปเอกสาร ขั้นตอน และข้อควรรู้เกี่ยวกับการขอใบอนุญาตประกอบธุรกิจนำเที่ยว
18739,posts,using-home-as-office-without-rent-tax-implications-thailand,ใช้บ้านจดทะเบียนบริษัท,ใช้บ้านจดทะเบียนบริษัท,ใช้บ้านเป็นสถานประกอบการโดยไม่คิดค่าเช่ามีผลอะไรไหม?,สรุปผลกระทบทางภาษีกรณีใช้บ้านหรือที่ดินเป็นสถานประกอบการโดยไม่คิดค่าเช่า ทั้งฝั่งบริษัทที่หักค่าใช้จ่ายไม่ได้ และฝั่งเจ้าของที่ต้องเสียภาษีที่ดิน
23079,posts,vat-filing-guide-2026,ยื่นภาษีมูลค่าเพิ่ม,ยื่นภาษีมูลค่าเพิ่ม,การยื่นภาษีมูลค่าเพิ่มในปี 2026,คู่มือยื่น ภ.พ.30 ภาษีมูลค่าเพิ่มปี 2026 อธิบายขั้นตอนการยื่นออนไลน์ผ่านกรมสรรพากร วิธีคำนวณภาษีซื้อ-ขาย พร้อมกำหนดเวลาที่ต้องรู้สำหรับผู้ประกอบการ
3066,posts,vat-planning,การวางแผนภาษีมูลค่าเพิ่ม,การวางแผนภาษีมูลค่าเพิ่ม,วางแผนภาษีมูลค่าเพิ่ม เพื่อการบริหารเงินสดอย่างมีประสิทธิภาพ,เรียนรู้วิธีการวางแผนภาษีมูลค่าเพิ่มเพื่อการบริหารเงินสดอย่างมีประสิทธิภาพ อ่านบทความนี้เพื่อเพิ่มความรู้และประโยชน์ในการจัดการภาษีของคุณ!
18510,posts,vat-registration-for-individual-business-owners-thailand,บุคคลธรรมดา จด vat,บุคคลธรรมดา จด vat,บุคคลธรรมดาต้องจด VAT หรือไม่? เกณฑ์ รายได้ และขั้นตอน,เจาะลึกเกณฑ์รายได้ 1.8 ล้านบาทต่อปีที่บุคคลธรรมดาต้องจด VAT พร้อมขั้นตอน ข้อดี ข้อเสีย และเคล็ดลับวางแผนภาษีให้ถูกต้อง
8867,posts,vat-surcharge-penalty,เบี้ยปรับเงินเพิ่ม,เบี้ยปรับเงินเพิ่ม,เบี้ยปรับเงินเพิ่ม กรณีนำภาษีซื้อต้องห้ามมาหักออกจากภาษีขาย,รู้จักเบี้ยปรับและเงินเพิ่ม VAT กรณีนำภาษีซื้อต้องห้ามมาหักออกจากภาษีขาย อัตราเบี้ยปรับที่กฎหมายกำหนด วิธีหลีกเลี่ยงความผิดพลาดที่พบบ่อยในการคำนวณ
10883,posts,vat-value-added-tax,ภาษีมูลค่าเพิ่ม,ภาษีมูลค่าเพิ่ม,ภาษีมูลค่าเพิ่ม (VAT) คืออะไร ใครต้องจด วิธีคำนวณ 2569,ภาษีมูลค่าเพิ่ม (VAT) คือภาษีที่เก็บจากมูลค่าส่วนเพิ่มในแต่ละทอด ใครต้องจดทะเบียน วิธีคำนวณภาษีซื้อภาษีขาย อัตรา 0% ต่างจากยกเว้นอย่างไร
18721,posts,virtual-office-vs-home-address-for-company-registration-thailand,virtual office,virtual office,Virtual Office vs บ้านพักอาศัย จดทะเบียนบริษัทแบบไหนดี,เปรียบเทียบข้อดี-ข้อเสียระหว่าง Virtual Office กับการใช้บ้านพักอาศัยจดทะเบียนบริษัท แบบไหนเหมาะกับธุรกิจคุณ และแบบไหนใช้ขอใบอนุญาต (License) ได้
23921,posts,what-is-50-tawi-tax-certificate,50 ทวิ,50 ทวิ,ใบ 50 ทวิ คืออะไร? นายจ้างหรือฝ่ายบุคคลต้องออกให้พนักงาน,50 ทวิ คือหนังสือรับรองการหักภาษี ณ ที่จ่าย ที่นายจ้างต้องออกให้ลูกจ้างทุกปี อธิบายวิธีอ่าน นำไปใช้ยื่นภาษี และสิ่งที่ต้องตรวจสอบก่อนยื่น ภ.ง.ด.91
18427,posts,what-is-borjor-company-registration-documents,บอจ,บอจ,แบบ บอจ. คืออะไร? รวมเอกสารจดทะเบียนบริษัทที่มือใหม่ต้องรู้,"แบบ บอจ. คืออะไร? ใช้แบบไหนตอนจดบริษัท? บอจ.1, บอจ.3, บอจ.5 ต่างกันยังไง สรุปให้ครบ เข้าใจง่ายในบทความเดียว"
23940,posts,what-is-financial-statement,งบการเงิน,งบการเงิน,งบการเงิน คืออะไรประกอบด้วยอะไรบ้าง,งบการเงิน คืออะไร สำคัญต่อธุรกิจอย่างไร และประกอบด้วยงบอะไรบ้าง? เรียนรู้โครงสร้างงบการเงิน วิธีอ่านงบพื้นฐานที่เจ้าของธุรกิจควรรู้
23312,posts,what-is-goods-receipt-note,ใบรับสินค้า,ใบรับสินค้า,ใบรับสินค้า (GoodsTemplate Receipt Note: GRN)คืออะไร?,ใบรับสินค้า (GoodsTemplate Receipt Note) คืออะไร ต้องมีข้อมูลอะไรบ้างและใช้ตรวจรับสินค้าอย่างไรให้ถูกต้อง? คู่มือเข้าใจง่ายสำหรับธุรกิจ
23640,posts,what-is-invoice,ใบแจ้งหนี้,ใบแจ้งหนี้,ใบแจ้งหนี้ คืออะไร? ทำไมถึงสำคัญ พร้อมตัวอย่างฟรี,ใบแจ้งหนี้ (Invoice) คืออะไร สำคัญอย่างไรกับธุรกิจ? เรียนรู้ความหมาย องค์ประกอบของเอกสาร และวิธีออกใบแจ้งหนี้ให้ถูกต้อง
18770,posts,what-is-odoo-erp-for-business-thailand,odoo,odoo,Odoo คืออะไร ใช้กับบัญชีและภาษีไทยได้แค่ไหน 2569,Odoo คือระบบ ERP ที่รวมงานขาย คลัง และบัญชีไว้ที่เดียว สรุปว่า Odoo ทำอะไรได้ และต้องปรับอะไรให้รองรับ VAT ใบกำกับภาษี และการปิดงบตามกฎหมายไทย
23843,posts,what-is-papor-36,ภ.พ.36,ภ.พ.36,ภ.พ.36 คืออะไร?,ภ.พ.36 คืออะไร? จ่ายค่าโฆษณา/ซอฟต์แวร์/บริการจากต่างประเทศแล้วใช้ในไทย ต้องยื่น VAT ไหม? บทความนี้มีข้อสรุปให้แล้วค่ะ
23389,posts,what-is-pnd-90-and-pnd-91,ภงด 90 กับ 91 ต่างกันยังไง,ภงด 90 กับ 91 ต่างกันยังไง,ภ.ง.ด.90 และ ภ.ง.ด.91 คืออะไร?,ภ.ง.ด.90 และ ภ.ง.ด.91 แตกต่างกันอย่างไร ใครต้องใช้แบบไหน พร้อมอธิบายประเภทรายได้ กำหนดยื่น และวิธีเลือกแบบภาษีสำหรับการยื่นภาษีบุคคลธรรมดา
23393,posts,what-is-pnd94,ภงด 94,ภงด 94,ภ.ง.ด.94 คืออะไร?,ภ.ง.ด.94 คืออะไร? รายได้แบบไหนที่ต้องยื่นภาษีครึ่งปีบ้าง พร้อมเช็คกำหนดเวลาและวิธีเตรียมเอกสารให้ครบ
23903,posts,what-is-pp30,ภพ.30,ภพ.30,ภ.พ.30 คืออะไร? ทำความเข้าใจก่อนยื่นภาษีซื้อ-ขาย,ภ.พ.30 คือแบบยื่นภาษีมูลค่าเพิ่มรายเดือนสำหรับผู้ประกอบการจด VAT ทำความเข้าใจวิธีกรอก กำหนดยื่น ภาษีซื้อ-ขาย และบทลงโทษหากยื่นล่าช้าหรือไม่ยื่น
22966,posts,what-is-purchase-order,po คือ,po คือ,ใบสั่งซื้อ (PO) คืออะไร?,ทำความเข้าใจ Purchase Order (PO) คืออะไร มีความสำคัญต่อการควบคุมการจัดซื้ออย่างไร พร้อมตัวอย่างรูปแบบ PO ที่ถูกต้อง สำหรับธุรกิจและนักบัญชีมือใหม่
22630,posts,what-is-quotation,ใบเสนอราคา คือ,ใบเสนอราคา คือ,ใบเสนอราคาคืออะไร มีข้อมูลอะไรบ้าง พร้อมแบบฟอร์มฟรี,ใบเสนอราคา คืออะไร ต้องมีข้อมูลอะไรบ้างถึงจะถูกต้อง? สรุปองค์ประกอบสำคัญให้ครบถ้วนแล้ว พร้อมแบบฟอร์มใบเสนอราคา
23794,posts,what-is-receipt,ใบเสร็จรับเงิน,ใบเสร็จรับเงิน,ใบเสร็จรับเงิน คืออะไร พร้อม template ฟรี,ใบเสร็จรับเงิน คืออะไร ใช้เมื่อไรและต้องมีข้อมูลอะไรบ้าง? ทำความเข้าใจองค์ประกอบของเอกสาร วิธีออกใบเสร็จรับเงินให้ถูกต้อง
17933,posts,what-is-salary-certificate,ใบรับรองเงินเดือน,ใบรับรองเงินเดือน,ใบรับรองเงินเดือนคืออะไร ถ้าทำไม่ถูกต้องจะเกิดปัญหาอะไรบ้าง?,ทำความเข้าใจเรื่องใบรับรองเงินเดือนอย่างรอบด้าน ตั้งแต่ความหมาย การนำไปใช้ ผลกระทบจากการจัดทำที่ผิดพลาด และวิธีป้องกันปัญหาที่อาจเกิดขึ้น
24014,posts,what-is-sme,sme คือ,sme คือ,SME คืออะไร? เกณฑ์ ภาษี และใครเหมาะกับธุรกิจ SME,รู้จักกับ SME คืออะไร ทำความเข้าใจนิยาม เกณฑ์ของสรรพากร อัตราภาษีที่ได้รับสิทธิ์ และใครบ้างที่เหมาะกับการทำธุรกิจ SME ครบจบในที่เดียว
22516,posts,what-is-tax-point,tax point,tax point,Tax Point คืออะไร?,Tax Point คืออะไร เกิดขึ้นเมื่อไร? และสำคัญกับ VAT อย่างไร? ทำความเข้าใจหลักการเกิดภาษีมูลค่าเพิ่มที่ธุรกิจต้องรู้
18714,posts,what-to-do-penalty-notice-unfiled-financial-statements,ค่าปรับยื่นงบล่าช้า,ค่าปรับยื่นงบล่าช้า,ได้รับหนังสือแจ้งค่าปรับไม่ส่งงบการเงิน ต้องทำอย่างไร?,"สรุป 5 ขั้นตอนที่ต้องทำเมื่อได้รับหนังสือแจ้งค่าปรับกรณีไม่ส่งงบการเงินจาก DBD ทั้งการเตรียมเอกสาร, การยื่นงบย้อนหลัง, และวิธีชำระค่าปรับที่ถูกต้อง"
11036,posts,when-summoned-by-revenue-dept,โดนสรรพากรเรียกพบ,โดนสรรพากรเรียกพบ,วิธีเสียภาษีบุคคลธรรมดาอย่างถูกต้อง,เรียนรู้วิธีการเสียภาษีบุคคลธรรมดาอย่างถูกต้อง ช่วยให้คุณเตรียมตัวได้อย่างมีประสิทธิภาพ อ่านเพิ่มเติมได้ที่นี่!
18728,posts,where-to-legally-sell-alcohol-thailand,กฎหมายขายสุรา,กฎหมายขายสุรา,ขายสุราช่องทางไหนได้บ้าง? สรุปข้อกฎหมายที่ร้านค้าต้องรู้,สรุปข้อกฎหมายไทยเกี่ยวกับการขายสุรา ช่องทางที่ขายได้และไม่ได้ เช่น ร้านค้า ร้านอาหาร โรงแรม ออนไลน์ สถานที่ห้ามขาย พร้อมโทษปรับที่ผู้ประกอบการต้องรู้
15763,posts,where-to-register-company,จดทะเบียนบริษัท,จดทะเบียนบริษัท,จดทะเบียนบริษัท 2569 ขั้นตอน เอกสาร ค่าธรรมเนียม ครบจบ,"จดทะเบียนบริษัทต้องทำอะไรบ้าง เริ่มจากจองชื่อจนได้หนังสือรับรอง พร้อมเอกสารที่ต้องใช้ ค่าธรรมเนียมจริง 5,500 บาท และเกณฑ์ผู้ถือหุ้น 2 คนตามกฎหมายใหม่"
18731,posts,who-pays-land-and-building-tax-thailand,ภาษีที่ดินและสิ่งปลูกสร้าง,ภาษีที่ดินและสิ่งปลูกสร้าง,ใครบ้างที่ต้องจ่ายภาษีบ้านและที่ดิน? สรุปครบจบในที่เดียว,"สรุปชัดเจนว่าใครบ้างที่ต้องจ่ายภาษีบ้านและที่ดิน ครอบคลุมเจ้าของ, ผู้ครอบครอง พร้อมอัตราภาษี, ข้อยกเว้นสำหรับบ้านหลังหลัก และโทษหากไม่จ่าย"
18018,posts,why-convert-lp-to-company-thailand,แปรสภาพห้างหุ้นส่วนเป็นบริษัทจํากัด,แปรสภาพห้างหุ้นส่วนเป็นบริษัทจํากัด,5 เหตุผลทำไม่ต้องเปลี่ยนหจก. เป็น บจก. (บริษัทจำกัด),แปลงสภาพจาก หจก. เป็น บริษัทจำกัด เพื่อเพิ่มความน่าเชื่อถือ ขยายธุรกิจ และบริหารจัดการอย่างมืออาชีพ ถูกต้องตามกฎหมาย เติบโตได้อย่างมั่นใจ
18503,posts,withdraw-money-from-company-owner-guide,โอนเงินบริษัทเข้าบัญชีส่วนตัว,โอนเงินบริษัทเข้าบัญชีส่วนตัว,วิธีเบิกเงินจากบริษัทอย่างถูกต้องตามบัญชีและภาษี,เป็นเจ้าของบริษัทเบิกเงินใช้ได้ไหม? รวมวิธีเบิกเงินอย่างถูกกฎหมาย เช่น เงินเดือน ปันผล โบนัส พร้อมข้อควรระวังเรื่องภาษี
10884,posts,withholding-tax,ภาษีหัก ณ ที่จ่าย,ภาษีหัก ณ ที่จ่าย,ภาษีหัก ณ ที่จ่าย คืออะไร? อัตรา วิธีหัก ยื่น ภ.ง.ด. 2569,ภาษีหัก ณ ที่จ่าย คือภาษีที่ผู้จ่ายเงินต้องหักไว้ก่อนจ่าย สรุปอัตราทุกประเภท ใครมีหน้าที่หัก ยื่นแบบ ภ.ง.ด. ไหน และบทลงโทษถ้าไม่หัก ฉบับ 2569
24807,posts,withholding-tax-calculator-2026-with-guide,คำนวณภาษีหัก ณ ที่จ่าย,คำนวณภาษีหัก ณ ที่จ่าย,วิธีคำนวณภาษีหัก ณ ที่จ่าย 2569 พร้อมเครื่องคำนวณฟรี,คำนวณภาษีหัก ณ ที่จ่าย ใส่ยอดแล้วรู้ผลทันที ครบทั้งกรณีหักปกติ กรณีผู้จ่ายออกภาษีให้ (Gross-up) และกรณียอดรวม VAT พร้อมตัวอย่างจริงปี 2569
16791,posts,year-end-accounting-process,ปิดงบการเงิน,ปิดงบการเงิน,ปิดงบการเงินสิ้นปี ต้องทำอะไรบ้าง? รวมครบทุกขั้นตอน 2569,ปิดงบการเงินสิ้นปีต้องทำอะไรบ้าง? รวม 5 ขั้นตอนตั้งแต่ตรวจรายได้-ค่าใช้จ่าย เคลียร์ลูกหนี้-เจ้าหนี้ พร้อมเช็กลิสต์เอกสารและข้อผิดพลาดที่เจอบ่อย
